loan_id,customer_id,loan_type,emi_amount,due_date,days_past_due,payment_status
700001,101415,Personal,15513.1,2024-01-29,0,Paid
700002,101447,Personal,1972.18,2024-02-15,0,Paid
700003,101087,Home,48422.22,2024-01-13,0,Paid
700004,100453,Home,3341.69,2024-01-09,30,Pending
700005,101064,Personal,8779.06,2024-01-22,0,Paid
700006,101472,Two Wheeler,2285.72,2024-01-21,0,Paid
700007,100203,Personal,4694.19,2024-03-13,0,Paid
700008,100284,Home,5756.15,2024-02-25,15,Pending
700009,101517,Business,5177.59,2024-03-28,0,Paid
700010,101970,Business,3182.84,2024-03-31,0,Paid
700011,100790,Personal,2322.24,2024-04-08,1,Pending
700012,101896,Business,24603.42,2024-01-07,0,Paid
700013,101522,Home,2694.5,2024-03-22,0,Paid
700014,100281,Personal,6944.41,2024-03-07,0,Paid
700015,101375,Business,35129.59,2024-04-14,0,Paid
700016,101424,Home,4571.08,2024-02-02,0,Paid
700017,100216,Two Wheeler,8314.31,2024-01-23,0,Paid
700018,101247,Home,23940.31,2024-01-30,0,Paid
700019,100720,Business,17182.74,2024-02-16,15,Pending
700020,101489,Personal,1984.47,2024-03-11,0,Paid
700021,100684,Two Wheeler,9265.97,2024-02-22,0,Paid
700022,100862,Home,4443.26,2024-03-12,0,Paid
700023,100897,Business,7465.37,2024-02-12,0,Paid
700024,100053,Home,11847.38,2024-01-05,0,Paid
700025,101336,Personal,3115.14,2024-04-23,0,Paid
700026,100847,Personal,12053.98,2024-03-12,30,Partial
700027,101892,Two Wheeler,8427.85,2024-02-10,0,Paid
700028,100899,Home,4485.76,2024-01-28,3,Pending
700029,101515,Personal,2936.29,2024-01-31,0,Paid
700030,101496,Personal,13329.23,2024-03-27,0,Paid
700031,101741,Personal,5195.79,2024-02-14,0,Paid
700032,101285,Two Wheeler,47284.33,2024-03-31,0,Paid
700033,100349,Business,8103.79,2024-03-17,0,Paid
700034,101676,Personal,24302.24,2024-04-09,0,Paid
700035,101164,Home,6257.24,2024-03-05,0,Paid
700036,100497,Personal,7402.4,2024-03-16,1,Partial
700037,101462,Business,25634.18,2024-02-10,0,Paid
700038,100454,Home,4541.0,2024-04-13,0,Paid
700039,101128,Two Wheeler,9488.72,2024-02-16,0,Paid
700040,101772,Home,8263.02,2024-04-03,0,Paid
700041,100713,Two Wheeler,3163.16,2024-03-27,30,Partial
700042,100560,Two Wheeler,7200.42,2024-03-15,0,Paid
700043,100738,Home,14473.69,2024-03-18,0,Paid
700044,101712,Two Wheeler,7191.95,2024-01-29,0,Paid
700045,100578,Business,7521.43,2024-02-09,0,Paid
700046,101783,Business,11367.32,2024-04-04,3,Partial
700047,101733,Home,4780.64,2024-04-08,0,Paid
700048,100456,Home,9743.63,2024-02-16,0,Paid
700049,101191,Business,23790.14,2024-03-18,0,Paid
700050,101888,Home,2080.49,2024-03-03,0,Paid
700051,101928,Home,25968.71,2024-04-05,0,Paid
700052,100836,Two Wheeler,14536.87,2024-02-05,0,Paid
700053,100007,Two Wheeler,2511.26,2024-02-03,7,Partial
700054,101711,Personal,15582.47,2024-02-16,0,Paid
700055,100341,Two Wheeler,3228.41,2024-02-03,0,Paid
700056,100703,Business,8028.32,2024-03-18,30,Partial
700057,101534,Business,22298.93,2024-02-01,0,Paid
700058,100625,Two Wheeler,25423.66,2024-02-02,0,Paid
700059,101882,Personal,4983.02,2024-01-15,0,Paid
700060,101393,Home,8422.45,2024-03-15,0,Paid
700061,101002,Two Wheeler,36396.62,2024-02-14,0,Paid
700062,101699,Business,11985.41,2024-02-28,0,Paid
700063,100091,Business,32291.87,2024-02-11,0,Paid
700064,101379,Two Wheeler,2686.16,2024-02-14,1,Partial
700065,101757,Business,5783.52,2024-02-09,0,Paid
700066,100496,Home,5600.87,2024-03-12,0,Paid
700067,100577,Personal,32869.6,2024-04-01,0,Paid
700068,101004,Home,5051.44,2024-04-12,0,Paid
700069,100295,Home,11235.95,2024-03-09,0,Paid
700070,100303,Home,47861.88,2024-01-23,30,Partial
700071,100227,Home,2538.57,2024-03-10,0,Paid
700072,101348,Home,3767.73,2024-03-13,0,Paid
700073,100362,Personal,50093.64,2024-01-21,0,Paid
700074,100608,Business,29455.04,2024-01-29,0,Paid
700075,101094,Business,18133.01,2024-01-08,0,Paid
700076,100236,Two Wheeler,16522.81,2024-01-27,60,Partial
700077,100749,Two Wheeler,2548.16,2024-02-19,0,Paid
700078,100524,Two Wheeler,15017.02,2024-01-11,15,Pending
700079,100665,Personal,2765.28,2024-01-18,0,Paid
700080,101901,Personal,7774.54,2024-02-17,15,Pending
700081,100061,Two Wheeler,17849.77,2024-03-28,0,Paid
700082,100164,Home,16574.22,2024-04-20,3,Pending
700083,100204,Business,45024.84,2024-04-01,0,Paid
700084,100613,Home,25371.58,2024-04-11,0,Paid
700085,101021,Business,2971.6,2024-04-15,60,Partial
700086,100064,Personal,8257.0,2024-01-23,0,Paid
700087,101796,Business,25262.89,2024-03-24,0,Paid
700088,101740,Home,4878.5,2024-03-11,30,Partial
700089,101855,Home,4765.38,2024-01-08,3,Partial
700090,100451,Two Wheeler,23338.61,2024-04-04,0,Paid
700091,101502,Business,5044.11,2024-01-11,0,Paid
700092,101223,Home,3165.68,2024-02-25,0,Paid
700093,100672,Home,8561.46,2024-02-28,0,Paid
700094,101727,Business,48125.16,2024-02-05,0,Paid
700095,100884,Personal,46351.09,2024-01-31,15,Pending
700096,101860,Home,17614.05,2024-01-15,0,Paid
700097,100134,Personal,11096.98,2024-01-31,0,Paid
700098,101026,Personal,17177.09,2024-04-11,0,Paid
700099,100942,Personal,6758.91,2024-02-07,0,Paid
700100,100025,Home,23300.96,2024-03-14,0,Paid
700101,100318,Personal,6965.14,2024-03-03,0,Paid
700102,101219,Home,6827.05,2024-04-02,30,Pending
700103,100598,Business,32744.15,2024-04-22,1,Partial
700104,101187,Home,34646.76,2024-02-24,0,Paid
700105,101520,Business,36373.59,2024-02-29,0,Paid
700106,101959,Two Wheeler,33558.44,2024-01-30,3,Partial
700107,101619,Personal,18500.89,2024-02-05,1,Pending
700108,100791,Business,2863.5,2024-02-19,7,Pending
700109,101770,Personal,12986.02,2024-01-18,15,Pending
700110,101834,Business,2794.71,2024-01-07,7,Pending
700111,100920,Personal,3090.87,2024-03-06,0,Paid
700112,100082,Personal,10228.22,2024-01-30,0,Paid
700113,101648,Home,4683.84,2024-04-19,0,Paid
700114,100569,Two Wheeler,1881.35,2024-04-11,0,Paid
700115,100118,Two Wheeler,8949.61,2024-03-19,15,Pending
700116,100258,Home,17274.36,2024-03-31,0,Paid
700117,101319,Two Wheeler,47246.74,2024-03-20,0,Paid
700118,101395,Two Wheeler,6385.01,2024-01-27,0,Paid
700119,101836,Two Wheeler,8787.36,2024-03-11,0,Paid
700120,100589,Business,4609.05,2024-02-20,0,Paid
700121,100748,Two Wheeler,16033.25,2024-01-21,0,Paid
700122,100881,Personal,8273.54,2024-03-31,0,Paid
700123,101139,Business,23025.79,2024-01-21,0,Paid
700124,100940,Home,7498.22,2024-02-27,0,Paid
700125,101721,Personal,12361.29,2024-02-03,0,Paid
700126,100794,Business,14125.93,2024-04-22,0,Paid
700127,100554,Home,22604.18,2024-04-20,0,Paid
700128,100484,Home,12372.24,2024-04-02,0,Paid
700129,100464,Home,24407.78,2024-01-30,15,Pending
700130,101906,Home,2959.09,2024-03-24,0,Paid
700131,101703,Business,9101.97,2024-03-23,1,Partial
700132,101613,Two Wheeler,8897.93,2024-03-10,0,Paid
700133,100250,Two Wheeler,9495.19,2024-01-22,0,Paid
700134,101554,Home,12300.55,2024-03-17,30,Partial
700135,100211,Home,10375.74,2024-03-30,0,Paid
700136,100458,Two Wheeler,25196.35,2024-04-13,0,Paid
700137,100870,Personal,3442.26,2024-01-10,0,Paid
700138,100128,Home,4855.11,2024-02-11,0,Paid
700139,101258,Two Wheeler,3091.54,2024-01-19,0,Paid
700140,101623,Personal,47590.48,2024-04-20,0,Paid
700141,100150,Two Wheeler,5058.43,2024-02-14,1,Partial
700142,101813,Two Wheeler,8260.0,2024-03-14,0,Paid
700143,100952,Two Wheeler,14946.53,2024-02-21,0,Paid
700144,100634,Business,19143.18,2024-02-18,0,Paid
700145,101769,Personal,7501.54,2024-04-12,0,Paid
700146,100628,Home,2632.78,2024-01-30,0,Paid
700147,101463,Personal,3080.18,2024-04-03,0,Paid
700148,101127,Personal,10972.67,2024-03-29,0,Paid
700149,100939,Two Wheeler,12343.32,2024-02-22,0,Paid
700150,100772,Business,4696.02,2024-04-11,0,Paid
700151,101658,Home,16726.19,2024-01-26,0,Paid
700152,101372,Personal,18845.46,2024-02-26,0,Paid
700153,100017,Personal,25963.73,2024-03-30,0,Paid
700154,101390,Personal,35113.45,2024-04-11,15,Partial
700155,100263,Home,35231.71,2024-04-21,0,Paid
700156,100777,Home,25667.92,2024-01-30,0,Paid
700157,100818,Business,17049.56,2024-01-23,0,Paid
700158,101047,Business,3343.53,2024-04-24,15,Partial
700159,100655,Personal,3298.42,2024-02-23,0,Paid
700160,100607,Personal,44070.55,2024-03-17,30,Partial
700161,101442,Two Wheeler,50974.72,2024-03-11,0,Paid
700162,100908,Home,48836.24,2024-04-12,1,Partial
700163,100919,Home,46489.96,2024-01-24,0,Paid
700164,101829,Business,2844.91,2024-02-22,15,Pending
700165,101556,Business,12376.51,2024-03-28,0,Paid
700166,100841,Business,23220.7,2024-04-10,0,Paid
700167,100709,Two Wheeler,11500.79,2024-01-23,1,Pending
700168,101096,Personal,3338.23,2024-02-14,0,Paid
700169,101752,Two Wheeler,29725.69,2024-03-31,0,Paid
700170,100793,Business,9951.87,2024-04-12,0,Paid
700171,101803,Home,5000.79,2024-01-24,0,Paid
700172,100160,Two Wheeler,22963.27,2024-01-29,0,Paid
700173,101263,Business,4624.0,2024-02-23,0,Paid
700174,100003,Business,15575.98,2024-04-17,0,Paid
700175,101989,Personal,2470.61,2024-01-30,0,Paid
700176,101458,Business,18211.57,2024-04-05,3,Pending
700177,101266,Two Wheeler,20388.79,2024-01-27,0,Paid
700178,101562,Business,3006.86,2024-01-27,15,Pending
700179,100855,Personal,2239.86,2024-02-21,0,Paid
700180,100830,Business,11825.72,2024-01-19,0,Paid
700181,100888,Two Wheeler,2682.08,2024-02-22,0,Paid
700182,100197,Two Wheeler,34209.84,2024-03-12,0,Paid
700183,100986,Business,2800.94,2024-03-12,0,Paid
700184,100500,Home,2191.05,2024-04-13,0,Paid
700185,101376,Business,52060.75,2024-04-01,0,Paid
700186,101620,Personal,9206.22,2024-04-05,0,Paid
700187,100310,Two Wheeler,5046.59,2024-01-30,0,Paid
700188,100693,Home,16678.43,2024-02-13,0,Paid
700189,101990,Business,18537.81,2024-03-03,0,Paid
700190,101309,Personal,16931.22,2024-02-29,0,Paid
700191,101596,Home,7053.91,2024-02-07,0,Paid
700192,100392,Two Wheeler,5049.48,2024-01-25,0,Paid
700193,101233,Two Wheeler,22157.76,2024-02-12,3,Pending
700194,101104,Personal,4413.91,2024-04-18,0,Paid
700195,100382,Personal,15421.89,2024-03-11,0,Paid
700196,101194,Personal,14244.2,2024-03-13,0,Paid
700197,100603,Business,2923.84,2024-02-09,7,Partial
700198,101908,Home,36444.76,2024-03-06,0,Paid
700199,100201,Two Wheeler,4425.38,2024-03-11,30,Pending
700200,100355,Home,25610.29,2024-04-13,0,Paid
700201,100875,Two Wheeler,5012.6,2024-03-08,0,Paid
700202,101120,Personal,25128.09,2024-02-26,0,Paid
700203,101511,Personal,33008.39,2024-04-16,1,Partial
700204,100080,Home,20522.0,2024-01-31,0,Paid
700205,101666,Two Wheeler,25997.95,2024-02-09,0,Paid
700206,100610,Business,9702.3,2024-03-16,3,Partial
700207,100815,Personal,4437.47,2024-04-15,0,Paid
700208,101057,Personal,15776.12,2024-02-06,0,Paid
700209,100071,Business,19421.56,2024-03-01,0,Paid
700210,100161,Personal,23166.97,2024-01-26,0,Paid
700211,101474,Home,6773.27,2024-01-09,3,Pending
700212,101325,Home,14775.3,2024-03-23,0,Paid
700213,101628,Home,8024.53,2024-03-04,0,Paid
700214,101461,Business,15095.12,2024-02-21,0,Paid
700215,100927,Two Wheeler,1881.3,2024-02-14,0,Paid
700216,101824,Two Wheeler,12907.92,2024-01-30,0,Paid
700217,100865,Home,8387.51,2024-03-08,1,Partial
700218,101630,Two Wheeler,13822.25,2024-03-10,0,Paid
700219,101735,Personal,4789.05,2024-03-11,0,Paid
700220,100210,Two Wheeler,3063.44,2024-02-04,0,Paid
700221,101654,Two Wheeler,3008.48,2024-01-14,0,Paid
700222,100062,Personal,8644.75,2024-02-23,0,Paid
700223,101316,Home,1936.11,2024-02-07,0,Paid
700224,101037,Two Wheeler,2194.18,2024-03-31,0,Paid
700225,101024,Home,4875.43,2024-01-17,0,Paid
700226,100208,Two Wheeler,3253.51,2024-02-02,0,Paid
700227,100972,Business,17114.21,2024-01-12,0,Paid
700228,101469,Home,3063.46,2024-04-11,0,Paid
700229,100914,Two Wheeler,12224.38,2024-04-07,0,Paid
700230,101457,Home,2681.35,2024-02-05,0,Paid
700231,101498,Two Wheeler,3244.6,2024-02-08,0,Paid
700232,100715,Business,7205.49,2024-03-25,0,Paid
700233,100840,Business,25556.73,2024-04-03,0,Paid
700234,100175,Business,11572.8,2024-01-09,7,Partial
700235,100402,Business,2980.38,2024-03-26,0,Paid
700236,101174,Personal,20728.85,2024-01-23,0,Paid
700237,100225,Business,5077.44,2024-01-17,15,Pending
700238,101100,Personal,15796.56,2024-04-24,15,Pending
700239,101707,Home,7057.01,2024-03-28,0,Paid
700240,100785,Two Wheeler,14902.22,2024-04-07,0,Paid
700241,100079,Home,6178.91,2024-01-09,0,Paid
700242,100344,Personal,2369.97,2024-03-12,0,Paid
700243,101479,Home,2349.69,2024-03-10,0,Paid
700244,101031,Two Wheeler,24761.27,2024-01-23,0,Paid
700245,101216,Home,8450.48,2024-03-24,15,Partial
700246,100706,Business,24843.29,2024-04-18,0,Paid
700247,100947,Home,36512.31,2024-03-15,0,Paid
700248,101417,Two Wheeler,5157.43,2024-02-22,0,Paid
700249,101639,Personal,20375.31,2024-03-24,0,Paid
700250,100540,Personal,8125.71,2024-01-31,7,Partial
700251,100420,Home,13667.42,2024-02-12,3,Partial
700252,100733,Two Wheeler,8397.56,2024-02-22,0,Paid
700253,100319,Personal,3367.03,2024-03-28,30,Partial
700254,101033,Personal,24957.85,2024-01-22,7,Pending
700255,100979,Home,5755.6,2024-01-25,0,Paid
700256,100891,Personal,45896.14,2024-03-30,1,Partial
700257,101499,Business,18103.63,2024-02-27,0,Paid
700258,100357,Two Wheeler,7169.36,2024-03-11,0,Paid
700259,100234,Two Wheeler,23075.18,2024-03-06,0,Paid
700260,100949,Two Wheeler,24620.52,2024-01-18,0,Paid
700261,101592,Personal,31690.45,2024-02-13,0,Paid
700262,100235,Two Wheeler,1882.93,2024-02-24,7,Pending
700263,101138,Home,4666.99,2024-03-01,0,Paid
700264,100558,Personal,11712.0,2024-02-14,0,Paid
700265,100886,Personal,9561.13,2024-04-01,0,Paid
700266,100913,Personal,14867.47,2024-01-11,0,Paid
700267,100259,Personal,7643.46,2024-04-22,0,Paid
700268,101981,Home,7501.73,2024-03-23,60,Partial
700269,101557,Business,10044.3,2024-01-30,3,Pending
700270,101467,Home,49440.72,2024-03-11,0,Paid
700271,101506,Two Wheeler,3040.79,2024-02-06,0,Paid
700272,100081,Business,15768.11,2024-02-15,0,Paid
700273,101405,Business,17235.36,2024-04-05,0,Paid
700274,101710,Two Wheeler,9716.36,2024-02-18,0,Paid
700275,100246,Personal,5207.81,2024-03-13,0,Paid
700276,101193,Home,5037.53,2024-03-10,0,Paid
700277,100953,Business,9761.06,2024-04-16,0,Paid
700278,100510,Business,4585.42,2024-04-20,0,Paid
700279,101318,Home,14156.53,2024-02-19,1,Partial
700280,101485,Personal,2506.48,2024-03-15,7,Partial
700281,100218,Home,3885.18,2024-03-02,0,Paid
700282,100779,Home,11981.48,2024-02-23,0,Paid
700283,101932,Personal,38717.06,2024-03-05,0,Paid
700284,100162,Personal,6120.62,2024-01-05,0,Paid
700285,100163,Personal,25589.04,2024-02-10,1,Partial
700286,100049,Home,25368.21,2024-03-23,0,Paid
700287,100546,Business,15448.27,2024-04-06,0,Paid
700288,101634,Home,17915.56,2024-03-15,3,Partial
700289,100967,Home,4983.03,2024-02-16,30,Partial
700290,100308,Business,2749.52,2024-04-24,1,Partial
700291,101811,Two Wheeler,8951.68,2024-01-27,0,Paid
700292,100643,Personal,5057.21,2024-02-04,0,Paid
700293,100648,Home,11444.3,2024-02-12,1,Partial
700294,101150,Business,5096.44,2024-02-22,0,Paid
700295,101412,Home,6284.24,2024-04-19,0,Paid
700296,101529,Home,13494.46,2024-03-22,0,Paid
700297,101749,Personal,3088.55,2024-01-16,0,Paid
700298,100711,Two Wheeler,4677.41,2024-03-26,0,Paid
700299,101714,Home,13332.47,2024-04-18,0,Paid
700300,100843,Two Wheeler,20775.97,2024-03-27,0,Paid
700301,101086,Personal,8193.92,2024-02-05,0,Paid
700302,100036,Two Wheeler,3252.31,2024-04-24,0,Paid
700303,100564,Personal,30599.66,2024-02-11,7,Pending
700304,101808,Personal,23887.84,2024-02-23,0,Paid
700305,101887,Two Wheeler,1997.96,2024-02-07,15,Partial
700306,101660,Home,5175.39,2024-02-19,0,Paid
700307,101784,Personal,20558.66,2024-04-17,0,Paid
700308,101321,Home,5811.69,2024-03-13,0,Paid
700309,101262,Business,3337.62,2024-03-19,0,Paid
700310,100930,Business,9801.8,2024-02-24,0,Paid
700311,101885,Home,16641.13,2024-04-12,0,Paid
700312,100268,Business,22705.99,2024-03-01,0,Paid
700313,100275,Personal,5578.86,2024-01-20,0,Paid
700314,101944,Personal,20298.3,2024-02-20,0,Paid
700315,101072,Business,7497.71,2024-04-14,0,Paid
700316,100879,Two Wheeler,3632.83,2024-03-19,0,Paid
700317,100579,Personal,6901.49,2024-04-23,0,Paid
700318,101385,Business,5145.41,2024-02-07,0,Paid
700319,101049,Two Wheeler,8264.56,2024-01-10,0,Paid
700320,100136,Business,4412.06,2024-01-22,0,Paid
700321,100943,Two Wheeler,4599.21,2024-01-31,0,Paid
700322,100551,Personal,1751.72,2024-02-29,0,Paid
700323,101940,Personal,9065.04,2024-03-14,0,Paid
700324,100241,Business,2956.14,2024-04-13,0,Paid
700325,101603,Business,14767.09,2024-01-14,0,Paid
700326,101923,Personal,24609.09,2024-02-28,0,Paid
700327,101178,Personal,4813.48,2024-02-03,0,Paid
700328,100151,Personal,47988.94,2024-01-17,0,Paid
700329,100849,Two Wheeler,9727.33,2024-03-01,0,Paid
700330,100343,Personal,11184.08,2024-02-08,0,Paid
700331,100157,Two Wheeler,34495.47,2024-01-06,0,Paid
700332,101084,Business,17137.0,2024-01-23,0,Paid
700333,100172,Personal,19157.88,2024-01-25,0,Paid
700334,100147,Home,12878.54,2024-03-18,0,Paid
700335,100561,Home,11069.37,2024-01-20,0,Paid
700336,100806,Personal,17779.96,2024-03-20,0,Paid
700337,100338,Personal,30789.33,2024-01-09,0,Paid
700338,100611,Two Wheeler,4798.91,2024-02-27,0,Paid
700339,100408,Two Wheeler,4936.28,2024-01-07,0,Paid
700340,100205,Home,3540.19,2024-03-29,0,Paid
700341,100187,Home,45904.9,2024-02-23,0,Paid
700342,101299,Two Wheeler,5015.42,2024-04-01,7,Pending
700343,100571,Two Wheeler,7120.58,2024-01-24,0,Paid
700344,100058,Business,4618.57,2024-01-18,7,Pending
700345,101615,Two Wheeler,3730.44,2024-03-23,30,Pending
700346,100466,Personal,17329.75,2024-01-16,30,Partial
700347,100661,Home,4692.24,2024-02-09,0,Paid
700348,101369,Two Wheeler,9455.71,2024-03-27,0,Paid
700349,101153,Home,11664.81,2024-02-14,0,Paid
700350,101886,Personal,35435.54,2024-04-15,0,Paid
700351,101050,Personal,4895.37,2024-04-10,7,Pending
700352,100291,Home,4399.98,2024-03-14,0,Paid
700353,100707,Home,6068.82,2024-02-11,0,Paid
700354,101410,Two Wheeler,33857.93,2024-01-31,3,Partial
700355,101396,Two Wheeler,4961.47,2024-01-12,0,Paid
700356,100588,Home,23982.1,2024-02-18,0,Paid
700357,100734,Two Wheeler,8405.63,2024-02-12,30,Pending
700358,100778,Business,13974.56,2024-02-22,0,Paid
700359,100066,Home,13403.54,2024-01-28,0,Paid
700360,100350,Business,7970.22,2024-01-09,30,Partial
700361,100132,Personal,23517.36,2024-02-10,0,Paid
700362,100427,Home,11215.39,2024-02-19,0,Paid
700363,101738,Home,2497.48,2024-03-16,0,Paid
700364,100168,Two Wheeler,3385.5,2024-01-06,0,Paid
700365,101210,Personal,6505.0,2024-04-19,0,Paid
700366,100322,Business,32940.46,2024-01-08,0,Paid
700367,101455,Two Wheeler,32140.33,2024-04-06,0,Paid
700368,100936,Two Wheeler,4704.03,2024-03-29,0,Paid
700369,101252,Home,7332.1,2024-03-12,0,Paid
700370,100342,Personal,3355.11,2024-02-10,0,Paid
700371,100287,Personal,4755.55,2024-04-05,1,Partial
700372,100231,Business,19361.12,2024-02-05,0,Paid
700373,100035,Home,18395.93,2024-03-11,0,Paid
700374,100107,Two Wheeler,4403.03,2024-03-03,0,Paid
700375,101345,Personal,1855.59,2024-03-16,3,Partial
700376,101444,Home,15457.59,2024-01-31,30,Pending
700377,100764,Business,25209.34,2024-02-14,0,Paid
700378,101819,Two Wheeler,33462.44,2024-04-10,0,Paid
700379,100412,Two Wheeler,16262.59,2024-01-15,0,Paid
700380,100727,Home,3813.1,2024-02-22,0,Paid
700381,100418,Home,22469.44,2024-03-22,0,Paid
700382,100965,Personal,24849.63,2024-04-19,0,Paid
700383,100786,Home,12137.46,2024-04-20,7,Pending
700384,100808,Home,15101.18,2024-03-17,0,Paid
700385,100022,Two Wheeler,2309.11,2024-04-06,0,Paid
700386,101692,Business,4557.19,2024-01-15,0,Paid
700387,101089,Personal,20253.42,2024-01-30,0,Paid
700388,101280,Two Wheeler,6298.16,2024-03-23,0,Paid
700389,101572,Home,5149.64,2024-02-12,0,Paid
700390,101436,Home,3769.18,2024-01-21,0,Paid
700391,101046,Business,17976.23,2024-01-16,0,Paid
700392,100198,Business,6624.95,2024-02-09,0,Paid
700393,101633,Business,15140.26,2024-01-30,1,Pending
700394,100413,Personal,5939.44,2024-03-14,0,Paid
700395,100609,Home,7148.69,2024-03-09,0,Paid
700396,101065,Business,17437.2,2024-01-14,7,Pending
700397,101647,Two Wheeler,33543.79,2024-03-30,0,Paid
700398,100315,Business,10140.56,2024-02-09,1,Partial
700399,101334,Two Wheeler,14467.19,2024-03-16,0,Paid
700400,101913,Two Wheeler,3638.62,2024-02-10,30,Partial
700401,100314,Personal,19257.35,2024-03-19,0,Paid
700402,100059,Personal,25452.12,2024-03-30,7,Pending
700403,100675,Business,7238.57,2024-04-22,7,Pending
700404,101851,Home,12926.71,2024-03-08,0,Paid
700405,100892,Home,7260.71,2024-03-04,1,Partial
700406,100092,Personal,10956.23,2024-03-24,0,Paid
700407,101980,Two Wheeler,4821.3,2024-03-14,0,Paid
700408,101774,Home,3290.06,2024-04-10,0,Paid
700409,100570,Two Wheeler,32966.51,2024-03-24,3,Pending
700410,101477,Home,5051.76,2024-02-26,0,Paid
700411,100470,Two Wheeler,5196.98,2024-03-18,0,Paid
700412,101453,Two Wheeler,23905.56,2024-03-21,1,Pending
700413,100138,Business,46563.87,2024-03-16,1,Partial
700414,101870,Home,5676.14,2024-01-20,0,Paid
700415,101775,Business,23174.84,2024-02-17,0,Paid
700416,101858,Two Wheeler,6501.84,2024-03-26,0,Paid
700417,100485,Business,3321.93,2024-02-22,0,Paid
700418,100966,Two Wheeler,14224.52,2024-01-13,0,Paid
700419,101837,Business,2375.89,2024-04-13,0,Paid
700420,101433,Home,12503.81,2024-03-15,0,Paid
700421,101852,Business,4433.13,2024-01-22,0,Paid
700422,101238,Personal,17322.11,2024-01-29,0,Paid
700423,100512,Home,35428.98,2024-02-15,0,Paid
700424,100278,Personal,12716.02,2024-03-18,0,Paid
700425,101254,Business,5040.79,2024-04-19,0,Paid
700426,100844,Business,8395.79,2024-04-19,60,Partial
700427,101452,Personal,2026.67,2024-03-20,0,Paid
700428,100090,Personal,2047.98,2024-02-28,1,Partial
700429,101044,Business,13011.95,2024-02-04,0,Paid
700430,100419,Home,16906.27,2024-04-15,0,Paid
700431,101315,Two Wheeler,1818.58,2024-03-04,30,Pending
700432,100404,Home,23206.66,2024-01-27,0,Paid
700433,100760,Business,4682.68,2024-04-15,0,Paid
700434,100504,Business,33517.35,2024-01-17,0,Paid
700435,100773,Business,20084.63,2024-01-18,0,Paid
700436,100365,Two Wheeler,39029.3,2024-02-22,0,Paid
700437,100961,Business,16553.01,2024-03-08,0,Paid
700438,101680,Business,3012.72,2024-02-03,7,Pending
700439,100489,Personal,23840.18,2024-04-21,0,Paid
700440,100594,Two Wheeler,3560.16,2024-02-25,0,Paid
700441,100166,Personal,24426.92,2024-04-04,0,Paid
700442,100006,Business,19653.6,2024-03-09,0,Paid
700443,101388,Two Wheeler,2428.35,2024-03-26,0,Paid
700444,101800,Home,5143.26,2024-01-08,0,Paid
700445,100304,Personal,4810.9,2024-03-27,15,Pending
700446,100831,Personal,3381.19,2024-02-16,7,Partial
700447,100469,Business,37713.77,2024-03-24,0,Paid
700448,100328,Personal,22829.84,2024-01-18,0,Paid
700449,101347,Personal,45740.77,2024-01-27,0,Paid
700450,100701,Business,34008.8,2024-04-17,3,Pending
700451,101478,Business,13575.72,2024-01-22,15,Pending
700452,100478,Two Wheeler,7351.17,2024-03-29,0,Paid
700453,101105,Business,34238.75,2024-03-29,0,Paid
700454,101314,Home,16186.28,2024-03-07,0,Paid
700455,100742,Personal,6423.94,2024-02-08,0,Paid
700456,101926,Home,5081.48,2024-02-15,0,Paid
700457,101843,Personal,18048.25,2024-01-15,1,Partial
700458,101494,Business,2694.88,2024-03-24,30,Pending
700459,101788,Personal,10005.6,2024-04-24,15,Partial
700460,100358,Home,10237.54,2024-03-12,30,Pending
700461,100280,Home,22644.57,2024-02-26,0,Paid
700462,101831,Business,12986.36,2024-03-26,0,Paid
700463,100154,Home,3332.3,2024-03-10,0,Paid
700464,101227,Personal,3093.74,2024-01-24,0,Paid
700465,100699,Personal,8368.24,2024-04-24,0,Paid
700466,100782,Business,4530.02,2024-01-23,0,Paid
700467,101933,Home,29676.36,2024-01-21,0,Paid
700468,101387,Personal,50321.7,2024-02-13,0,Paid
700469,101016,Home,4768.23,2024-01-27,0,Paid
700470,100481,Personal,3629.65,2024-02-25,0,Paid
700471,100555,Home,2802.6,2024-01-16,1,Partial
700472,101702,Two Wheeler,7182.57,2024-03-16,0,Paid
700473,101607,Personal,3577.08,2024-01-25,0,Paid
700474,101987,Business,11762.56,2024-03-31,0,Paid
700475,101997,Home,4745.53,2024-03-12,0,Paid
700476,101085,Home,6580.64,2024-04-19,0,Paid
700477,101581,Two Wheeler,6258.04,2024-03-18,30,Partial
700478,101009,Personal,11174.81,2024-03-26,0,Paid
700479,100968,Business,25831.56,2024-01-28,0,Paid
700480,100945,Two Wheeler,22067.42,2024-02-11,0,Paid
700481,101863,Two Wheeler,3408.72,2024-04-22,0,Paid
700482,101106,Business,15190.07,2024-03-26,0,Paid
700483,100944,Two Wheeler,11751.79,2024-01-22,0,Paid
700484,100121,Business,24402.03,2024-02-07,0,Paid
700485,101466,Two Wheeler,24280.99,2024-03-29,0,Paid
700486,100026,Two Wheeler,2687.04,2024-01-28,0,Paid
700487,101941,Home,3267.19,2024-01-07,0,Paid
700488,100934,Personal,50926.07,2024-02-02,0,Paid
700489,100316,Business,18013.7,2024-02-28,0,Paid
700490,101905,Business,6417.37,2024-01-13,0,Paid
700491,101132,Personal,33795.24,2024-02-24,0,Paid
700492,101058,Two Wheeler,19160.76,2024-03-16,0,Paid
700493,100957,Home,17851.38,2024-02-25,1,Partial
700494,100562,Home,18159.6,2024-03-17,0,Paid
700495,101332,Business,17128.74,2024-02-26,0,Paid
700496,100548,Home,19378.29,2024-03-08,0,Paid
700497,101204,Business,44002.62,2024-03-26,0,Paid
700498,101815,Personal,4412.61,2024-02-29,0,Paid
700499,100981,Home,33109.38,2024-03-17,0,Paid
700500,101073,Business,15688.21,2024-01-20,0,Paid
700501,101146,Two Wheeler,11077.91,2024-03-19,0,Paid
700502,101641,Two Wheeler,2295.85,2024-01-31,0,Paid
700503,100646,Personal,1814.21,2024-03-24,0,Paid
700504,100998,Business,2751.01,2024-02-12,0,Paid
700505,101839,Business,3110.48,2024-04-07,0,Paid
700506,100680,Two Wheeler,4907.07,2024-01-16,0,Paid
700507,100817,Two Wheeler,5190.39,2024-02-28,0,Paid
700508,100768,Two Wheeler,45121.36,2024-02-27,0,Paid
700509,101595,Business,5009.77,2024-04-13,0,Paid
700510,100417,Two Wheeler,24701.12,2024-03-19,0,Paid
700511,100238,Personal,17546.43,2024-04-09,3,Partial
700512,101323,Business,38385.77,2024-03-01,0,Paid
700513,101234,Personal,3436.66,2024-01-25,0,Paid
700514,101240,Home,32925.19,2024-01-26,0,Paid
700515,100941,Home,25302.51,2024-01-06,0,Paid
700516,100552,Personal,3311.05,2024-03-02,0,Paid
700517,101695,Home,48791.89,2024-04-22,30,Pending
700518,100587,Personal,3454.81,2024-01-10,0,Paid
700519,101052,Two Wheeler,17131.84,2024-02-07,0,Paid
700520,101179,Business,7680.91,2024-01-29,1,Pending
700521,101685,Home,1822.74,2024-03-16,0,Paid
700522,100536,Two Wheeler,19396.4,2024-03-13,1,Partial
700523,101986,Business,46342.0,2024-02-14,0,Paid
700524,101196,Business,1870.42,2024-04-09,0,Paid
700525,101854,Home,3890.69,2024-01-26,0,Paid
700526,101251,Home,22695.14,2024-04-18,0,Paid
700527,100893,Two Wheeler,2446.47,2024-01-17,0,Paid
700528,100679,Home,11031.46,2024-01-10,0,Paid
700529,100495,Personal,25005.44,2024-03-25,3,Partial
700530,100015,Home,3586.45,2024-04-18,0,Paid
700531,100848,Personal,4723.09,2024-01-10,0,Paid
700532,101451,Personal,2985.59,2024-02-05,0,Paid
700533,101672,Two Wheeler,11229.68,2024-03-22,0,Paid
700534,101853,Two Wheeler,33328.88,2024-02-15,30,Partial
700535,101438,Business,2780.41,2024-03-01,0,Paid
700536,101184,Two Wheeler,2049.4,2024-04-18,0,Paid
700537,101287,Home,5790.34,2024-01-12,0,Paid
700538,100174,Two Wheeler,34613.06,2024-03-27,0,Paid
700539,101430,Personal,5099.61,2024-03-01,0,Paid
700540,101133,Business,30965.51,2024-04-10,0,Paid
700541,101690,Business,5704.0,2024-01-30,0,Paid
700542,100624,Business,49609.25,2024-04-15,0,Paid
700543,100963,Business,13270.96,2024-02-27,60,Partial
700544,100384,Home,11916.54,2024-02-17,1,Partial
700545,100639,Home,5517.64,2024-04-15,0,Paid
700546,101878,Two Wheeler,4413.26,2024-01-06,0,Paid
700547,101971,Business,4860.16,2024-01-10,3,Partial
700548,100122,Personal,11798.75,2024-02-03,0,Paid
700549,101481,Two Wheeler,12089.69,2024-02-20,0,Paid
700550,101755,Two Wheeler,7530.4,2024-03-27,0,Paid
700551,101493,Business,45904.31,2024-03-30,0,Paid
700552,100070,Personal,47454.34,2024-03-25,0,Paid
700553,101792,Business,23291.32,2024-01-19,0,Paid
700554,100822,Personal,3448.72,2024-02-14,0,Paid
700555,100499,Two Wheeler,3552.58,2024-01-20,7,Pending
700556,101470,Two Wheeler,2911.17,2024-02-13,0,Paid
700557,101117,Home,15474.1,2024-02-20,3,Partial
700558,100083,Home,2955.6,2024-03-29,0,Paid
700559,101771,Home,8617.28,2024-02-14,0,Paid
700560,100103,Personal,4623.51,2024-04-19,0,Paid
700561,100325,Home,2443.95,2024-03-08,0,Paid
700562,100455,Personal,4607.84,2024-03-03,0,Paid
700563,101366,Business,4921.77,2024-03-22,0,Paid
700564,100373,Personal,25634.58,2024-02-08,3,Pending
700565,100434,Two Wheeler,15488.45,2024-01-17,0,Paid
700566,101349,Two Wheeler,22920.37,2024-04-20,0,Paid
700567,100249,Home,51653.24,2024-04-11,0,Paid
700568,101691,Business,4826.01,2024-04-24,0,Paid
700569,101524,Two Wheeler,37652.13,2024-03-15,30,Partial
700570,101014,Two Wheeler,16357.61,2024-01-10,0,Paid
700571,100980,Personal,15923.36,2024-03-17,60,Partial
700572,101594,Two Wheeler,5141.23,2024-02-07,30,Pending
700573,100946,Two Wheeler,5590.44,2024-02-20,0,Paid
700574,100075,Two Wheeler,25508.89,2024-04-08,0,Paid
700575,101523,Business,6927.8,2024-04-24,0,Paid
700576,101880,Two Wheeler,8675.06,2024-03-09,15,Pending
700577,100375,Two Wheeler,26021.72,2024-03-14,0,Paid
700578,101856,Business,46198.25,2024-01-15,0,Paid
700579,101420,Personal,22253.82,2024-01-30,0,Paid
700580,100996,Business,5170.42,2024-03-09,0,Paid
700581,100023,Personal,8756.79,2024-02-01,15,Pending
700582,100104,Home,24397.11,2024-02-05,0,Paid
700583,100271,Home,3530.98,2024-03-12,0,Paid
700584,101308,Home,3642.11,2024-01-30,0,Paid
700585,100040,Personal,24182.42,2024-01-15,0,Paid
700586,100542,Two Wheeler,4382.39,2024-03-29,0,Paid
700587,101151,Home,11382.24,2024-01-22,0,Paid
700588,101373,Personal,33375.87,2024-01-05,0,Paid
700589,100067,Personal,18416.04,2024-04-03,0,Paid
700590,100030,Home,22538.79,2024-01-20,0,Paid
700591,100060,Business,7341.9,2024-02-16,0,Paid
700592,101935,Home,10307.14,2024-04-10,0,Paid
700593,101919,Two Wheeler,22422.6,2024-02-12,7,Partial
700594,100525,Two Wheeler,13608.56,2024-04-21,3,Pending
700595,101945,Home,48568.92,2024-03-05,0,Paid
700596,101394,Two Wheeler,2007.6,2024-01-29,0,Paid
700597,101530,Personal,37020.51,2024-02-29,0,Paid
700598,101103,Personal,15319.11,2024-03-29,0,Paid
700599,100574,Business,47083.0,2024-01-09,3,Partial
700600,100044,Two Wheeler,7124.99,2024-03-30,7,Partial
700601,100085,Personal,4621.9,2024-03-11,0,Paid
700602,100273,Personal,21905.87,2024-02-17,7,Partial
700603,100674,Home,45920.51,2024-01-31,0,Paid
700604,100463,Home,3035.14,2024-01-31,0,Paid
700605,100264,Two Wheeler,1925.65,2024-01-18,0,Paid
700606,100585,Business,1754.58,2024-03-31,7,Pending
700607,100630,Personal,18885.95,2024-03-25,0,Paid
700608,100321,Business,20423.09,2024-04-14,0,Paid
700609,101673,Home,18245.24,2024-02-05,0,Paid
700610,101018,Home,34716.4,2024-03-13,0,Paid
700611,100599,Home,3766.45,2024-02-16,0,Paid
700612,101759,Personal,4769.11,2024-02-25,0,Paid
700613,100102,Home,18431.35,2024-03-22,0,Paid
700614,101006,Home,23980.56,2024-01-27,0,Paid
700615,101731,Business,12136.76,2024-01-11,0,Paid
700616,101786,Business,6974.57,2024-01-15,0,Paid
700617,101561,Business,5182.25,2024-01-12,0,Paid
700618,100424,Home,17878.85,2024-01-13,0,Paid
700619,100586,Home,11533.79,2024-03-09,0,Paid
700620,100641,Two Wheeler,22329.57,2024-03-06,0,Paid
700621,101781,Business,19639.99,2024-01-26,30,Partial
700622,101670,Personal,22089.18,2024-03-20,0,Paid
700623,100605,Home,17783.39,2024-01-18,0,Paid
700624,101364,Home,17116.44,2024-02-04,0,Paid
700625,100472,Personal,11232.47,2024-01-18,0,Paid
700626,100207,Business,2019.4,2024-03-31,0,Paid
700627,101353,Personal,4798.4,2024-01-30,0,Paid
700628,101693,Personal,3506.89,2024-02-29,0,Paid
700629,100302,Two Wheeler,4532.41,2024-01-27,0,Paid
700630,101222,Two Wheeler,3258.38,2024-02-28,0,Paid
700631,100686,Business,20383.04,2024-01-14,0,Paid
700632,101822,Two Wheeler,48693.36,2024-01-24,0,Paid
700633,100055,Personal,8485.51,2024-01-14,0,Paid
700634,100659,Two Wheeler,17699.74,2024-04-17,0,Paid
700635,100852,Business,12494.59,2024-04-04,0,Paid
700636,101601,Business,2927.43,2024-01-30,0,Paid
700637,100776,Home,33168.46,2024-01-07,0,Paid
700638,101411,Home,2675.29,2024-01-17,0,Paid
700639,101081,Business,1941.51,2024-04-15,0,Paid
700640,101253,Personal,3624.77,2024-01-12,0,Paid
700641,100737,Two Wheeler,2656.68,2024-04-08,7,Partial
700642,100459,Home,16809.89,2024-02-14,0,Paid
700643,100300,Two Wheeler,15418.11,2024-02-06,1,Partial
700644,100240,Personal,18957.4,2024-03-15,0,Paid
700645,100663,Home,7335.1,2024-03-25,0,Paid
700646,100479,Personal,1966.59,2024-01-06,0,Paid
700647,100452,Business,24607.27,2024-02-03,0,Paid
700648,101214,Personal,1838.48,2024-03-04,7,Pending
700649,100635,Business,6666.29,2024-03-20,15,Pending
700650,101208,Home,14288.83,2024-04-17,0,Paid
700651,100133,Two Wheeler,3091.98,2024-03-25,0,Paid
700652,100050,Home,2967.04,2024-01-22,0,Paid
700653,101413,Two Wheeler,31643.26,2024-01-31,0,Paid
700654,100398,Two Wheeler,2350.61,2024-04-08,0,Paid
700655,101475,Personal,34500.55,2024-04-16,0,Paid
700656,100671,Business,2905.17,2024-03-08,0,Paid
700657,101689,Two Wheeler,17168.72,2024-01-16,30,Pending
700658,101484,Home,11551.66,2024-04-18,0,Paid
700659,101200,Business,4394.72,2024-01-08,0,Paid
700660,101704,Business,38048.56,2024-01-23,0,Paid
700661,101069,Personal,22967.18,2024-02-22,0,Paid
700662,100728,Two Wheeler,17103.07,2024-04-17,0,Paid
700663,100226,Business,12933.57,2024-02-02,0,Paid
700664,100796,Two Wheeler,22620.34,2024-03-04,0,Paid
700665,101295,Two Wheeler,3881.48,2024-01-12,0,Paid
700666,100214,Two Wheeler,2716.95,2024-03-18,3,Partial
700667,101091,Business,5073.39,2024-01-30,15,Partial
700668,100580,Two Wheeler,22870.09,2024-03-02,0,Paid
700669,101785,Two Wheeler,45285.61,2024-03-14,0,Paid
700670,101578,Two Wheeler,47367.39,2024-02-04,60,Pending
700671,101551,Business,13649.35,2024-04-09,0,Paid
700672,100714,Home,10088.41,2024-04-07,0,Paid
700673,101914,Two Wheeler,18534.63,2024-01-06,0,Paid
700674,101344,Two Wheeler,25806.27,2024-04-21,30,Pending
700675,101567,Two Wheeler,12317.05,2024-01-11,15,Pending
700676,101909,Home,34197.28,2024-02-21,1,Pending
700677,100369,Personal,1984.72,2024-02-15,0,Paid
700678,101383,Two Wheeler,14789.92,2024-03-12,15,Pending
700679,100618,Personal,15094.6,2024-04-23,0,Paid
700680,101563,Two Wheeler,24477.18,2024-02-22,0,Paid
700681,101920,Home,12513.01,2024-01-12,0,Paid
700682,100987,Home,23055.01,2024-02-03,0,Paid
700683,100752,Personal,33891.33,2024-04-05,0,Paid
700684,100421,Home,3157.98,2024-02-14,0,Paid
700685,100593,Home,7777.96,2024-01-22,0,Paid
700686,100033,Home,23205.36,2024-01-29,0,Paid
700687,101700,Personal,4380.81,2024-01-28,0,Paid
700688,101288,Business,16664.34,2024-02-20,0,Paid
700689,100532,Personal,3396.44,2024-01-29,0,Paid
700690,100232,Two Wheeler,3461.26,2024-02-20,0,Paid
700691,101587,Business,23868.99,2024-03-14,0,Paid
700692,101748,Two Wheeler,1972.76,2024-01-08,0,Paid
700693,101092,Two Wheeler,34475.64,2024-02-25,0,Paid
700694,100239,Home,11494.35,2024-01-24,0,Paid
700695,100978,Personal,18638.08,2024-01-23,0,Paid
700696,101646,Business,23612.44,2024-01-22,0,Paid
700697,101948,Personal,4487.17,2024-02-28,0,Paid
700698,100935,Personal,23001.11,2024-04-05,1,Pending
700699,100185,Home,18452.23,2024-01-13,0,Paid
700700,101963,Business,12367.93,2024-01-30,0,Paid
700701,101527,Two Wheeler,12404.5,2024-01-12,0,Paid
700702,101716,Business,2975.11,2024-03-27,0,Paid
700703,100228,Business,32205.97,2024-02-01,0,Paid
700704,101962,Business,7039.98,2024-03-10,0,Paid
700705,101879,Two Wheeler,35396.68,2024-01-07,0,Paid
700706,101125,Business,32315.7,2024-02-26,0,Paid
700707,101102,Two Wheeler,2797.8,2024-01-17,0,Paid
700708,100928,Home,3084.97,2024-02-16,0,Paid
700709,101317,Business,16434.63,2024-03-20,1,Partial
700710,100633,Home,18920.12,2024-01-29,7,Partial
700711,101378,Home,10307.02,2024-04-23,0,Paid
700712,100086,Business,15592.1,2024-04-11,0,Paid
700713,101616,Personal,2942.8,2024-01-13,0,Paid
700714,101157,Two Wheeler,3016.69,2024-01-17,0,Paid
700715,101482,Personal,3451.19,2024-04-19,0,Paid
700716,101872,Two Wheeler,19822.03,2024-02-05,0,Paid
700717,101248,Home,18252.02,2024-02-14,0,Paid
700718,100446,Home,7653.39,2024-02-26,3,Pending
700719,101491,Two Wheeler,6062.06,2024-03-21,0,Paid
700720,100126,Business,23929.16,2024-02-21,3,Partial
700721,101968,Two Wheeler,34534.83,2024-04-13,0,Paid
700722,101122,Personal,2432.88,2024-02-23,0,Paid
700723,101528,Business,25178.39,2024-03-07,30,Pending
700724,100876,Home,24026.42,2024-03-07,0,Paid
700725,101269,Business,2304.15,2024-03-21,3,Pending
700726,101599,Two Wheeler,24453.9,2024-02-24,3,Partial
700727,101155,Home,14771.38,2024-02-10,0,Paid
700728,100388,Home,18279.43,2024-01-24,0,Paid
700729,100895,Business,11654.85,2024-03-17,0,Paid
700730,100011,Business,11769.8,2024-04-04,7,Partial
700731,100448,Home,2485.96,2024-03-19,0,Paid
700732,101297,Home,38437.04,2024-04-06,0,Paid
700733,101686,Business,4713.81,2024-02-19,0,Paid
700734,101845,Home,2632.38,2024-01-08,0,Paid
700735,101668,Personal,3120.22,2024-03-17,0,Paid
700736,101635,Two Wheeler,2540.92,2024-04-19,3,Partial
700737,101533,Home,13722.88,2024-01-08,0,Paid
700738,100467,Home,2067.31,2024-02-21,0,Paid
700739,101950,Home,3486.98,2024-02-03,0,Paid
700740,100649,Business,16984.25,2024-04-12,0,Paid
700741,101956,Home,2494.65,2024-03-05,0,Paid
700742,101010,Personal,9807.55,2024-03-10,0,Paid
700743,100616,Two Wheeler,2543.39,2024-01-17,3,Partial
700744,101244,Home,15181.45,2024-04-06,0,Paid
700745,101097,Business,3879.84,2024-04-09,30,Partial
700746,100697,Two Wheeler,19018.72,2024-04-04,7,Pending
700747,101573,Home,8221.93,2024-02-25,0,Paid
700748,101768,Business,25820.34,2024-03-08,1,Pending
700749,101976,Home,34658.55,2024-01-11,0,Paid
700750,100811,Home,4777.51,2024-01-24,0,Paid
700751,101900,Two Wheeler,3112.37,2024-04-07,0,Paid
700752,101875,Two Wheeler,3420.56,2024-02-13,0,Paid
700753,100364,Personal,19952.86,2024-02-29,0,Paid
700754,100251,Business,16351.29,2024-01-17,1,Partial
700755,101284,Home,11161.1,2024-04-19,0,Paid
700756,101973,Business,22249.55,2024-03-07,0,Paid
700757,100617,Two Wheeler,3763.31,2024-03-19,0,Paid
700758,101398,Business,4491.23,2024-01-16,0,Paid
700759,100696,Two Wheeler,5010.66,2024-02-19,0,Paid
700760,100503,Business,51619.39,2024-03-20,1,Pending
700761,101519,Business,2820.64,2024-02-12,7,Pending
700762,101985,Two Wheeler,16324.52,2024-01-17,0,Paid
700763,101140,Two Wheeler,9356.5,2024-01-30,60,Pending
700764,100106,Business,8316.77,2024-02-16,0,Paid
700765,101995,Home,11557.75,2024-02-01,0,Paid
700766,100568,Business,1988.16,2024-03-12,0,Paid
700767,101281,Personal,35091.42,2024-01-18,0,Paid
700768,102000,Home,10263.49,2024-03-17,1,Partial
700769,101012,Business,4478.19,2024-02-21,0,Paid
700770,100217,Personal,2954.75,2024-01-24,0,Paid
700771,100353,Home,3344.16,2024-04-09,0,Paid
700772,101957,Personal,5182.36,2024-02-29,0,Paid
700773,101134,Business,45759.4,2024-01-15,0,Paid
700774,101272,Two Wheeler,2944.5,2024-02-09,0,Paid
700775,101408,Home,35172.55,2024-03-02,0,Paid
700776,101868,Business,6659.78,2024-03-07,3,Pending
700777,100309,Home,15474.4,2024-01-11,0,Paid
700778,100152,Personal,3437.2,2024-01-07,0,Paid
700779,100854,Business,24644.21,2024-04-24,15,Partial
700780,100416,Home,9973.28,2024-04-02,0,Paid
700781,101955,Two Wheeler,2458.85,2024-03-27,0,Paid
700782,100517,Personal,4752.18,2024-03-16,0,Paid
700783,101889,Two Wheeler,22827.9,2024-01-14,0,Paid
700784,101570,Business,45450.15,2024-04-23,1,Partial
700785,100457,Business,2711.63,2024-02-21,0,Paid
700786,101612,Two Wheeler,22354.88,2024-03-17,0,Paid
700787,100975,Personal,3441.27,2024-01-18,1,Pending
700788,100443,Personal,15633.22,2024-03-01,7,Partial
700789,100763,Two Wheeler,8565.68,2024-02-10,0,Paid
700790,101960,Personal,3801.82,2024-04-21,0,Paid
700791,101121,Business,12947.86,2024-03-21,0,Paid
700792,100441,Business,7107.74,2024-03-12,0,Paid
700793,100370,Business,11618.37,2024-01-26,0,Paid
700794,100367,Home,1760.25,2024-04-23,0,Paid
700795,101821,Two Wheeler,2644.64,2024-02-16,0,Paid
700796,100180,Personal,4603.25,2024-03-26,0,Paid
700797,101492,Business,33250.61,2024-01-29,3,Pending
700798,100018,Personal,7433.4,2024-03-02,0,Paid
700799,100606,Home,18919.43,2024-02-10,0,Paid
700800,101820,Business,25834.65,2024-02-06,0,Paid
